{"cameraMode":{"drawMode":0,"name":"Shaded","section":"Shading Mode"},"sceneLighting":true,"audioPlay":false,"sceneViewState":{"m_AlwaysRefresh":false,"showFog":true,"showSkybox":true,"showFlares":true,"showImageEffects":true,"showParticleSystems":true,"showVisualEffectGraphs":true,"m_FxEnabled":true},"in2DMode":false,"pivot":{"x":-0.6879997253417969,"y":1.579000473022461,"z":-2.107011556625366},"rotation":{"x":-0.15749678015708924,"y":-0.33149659633636477,"z":0.05622132122516632,"w":-0.9285787343978882},"size":1.5347670316696168,"orthographic":false}