{"cameraMode":{"drawMode":0,"name":"Shaded","section":"Shading Mode"},"sceneLighting":true,"audioPlay":false,"sceneViewState":{"m_AlwaysRefresh":false,"showFog":true,"showSkybox":true,"showFlares":true,"showImageEffects":true,"showParticleSystems":true,"showVisualEffectGraphs":true,"m_FxEnabled":true},"in2DMode":false,"pivot":{"x":-1.001185417175293,"y":1.2652790546417237,"z":-1.9034154415130616},"rotation":{"x":-0.09134598821401596,"y":-0.3808223009109497,"z":0.03778858482837677,"w":-0.9194031953811646},"size":0.8660253882408142,"orthographic":false}